Mileage,Allowance,Track_ID,Original Mileage
0.0,140,9724_forward,7.9
10.999999999999998,140,9724_forward,18.9
10.999999999999998,160,9721_right_forward,32.1
15.862419999999998,100,9721_right_forward,36.96242
16.9,100,9721_right_forward,38.0
